title,comapny,location,link
[전문연구요원] 상시,네이버,대한민국,http://www.indeed.com/viewjob?jk=b79c2ae536063b01
[Search & Clova] Clova 체험형 인턴,네이버,대한민국,http://www.indeed.com/viewjob?jk=b4b6ee0fd83b8ce1
[Search & Clova] Clova AI 인재,네이버,대한민국,http://www.indeed.com/viewjob?jk=92bd400e3b5306ba
AI/빅데이터 분야 (인재 Pool),LG유플러스,서울,http://www.indeed.com/viewjob?jk=fb617eeb80ea6fa9
분석지원팀 - 데이터 분석가,Nexon,성남 분당구,http://www.indeed.com/viewjob?jk=4233609a843b5e96
"[데이터 분석 스타트업] UI/UX개발/고객행동분석 (Python, GA, Database)",온누리아이코리아,서울 금천구,http://www.indeed.com/viewjob?jk=abeb2f106393ad76
(상시) 인공지능 플랫폼 전문가,에셋플러스자산운용,대한민국,http://www.indeed.com/viewjob?jk=90d4b57f2e6a8484
추천 시스템 연구/개발,카카오,성남 판교역,http://www.indeed.com/viewjob?jk=be6c1f03fa566f8e
[개발]신사업 프론트 개발자(정규직),위메프,대한민국,http://www.indeed.com/viewjob?jk=57aa1b90d7626f69
데이터 분석가,카카오,성남 판교역,http://www.indeed.com/viewjob?jk=092d062a6faa7139
Django/Python 웹 애플리케이션 구축/운영.,아이시큐어,서울 금천구,http://www.indeed.com/viewjob?jk=9a7fded86539a87b
"[Search & Clova] Entity Linking, Keyword Extraction (NLP) 경력사원",네이버,대한민국,http://www.indeed.com/viewjob?jk=b6f6a789b6e7a028
머신러닝/딥러닝,NHN,성남 판교역,http://www.indeed.com/viewjob?jk=cd8ee27085e6a2ff
[Search & Clova] NAVER Search 이미지 검색서버개발 신입/경력사원,네이버,대한민국,http://www.indeed.com/viewjob?jk=a771637c0eeffc26
광고팀 - 분석가,Nexon,성남 분당구,http://www.indeed.com/viewjob?jk=3a08c7089343733d
Image Processing Developer (SW Engineer),Applied Materials Inc.,경기도 화성,http://www.indeed.com/viewjob?jk=3224a99522042aaa
Undergrad Intern - Computer Vision/Machine Learning,Intel,서울,http://www.indeed.com/viewjob?jk=b2253ab4c8e59e33
소프트웨어 개발 지원,에스티앤아이,울산 중구,http://www.indeed.com/viewjob?jk=af3289894364fa9d
2020년 상반기 더케이교직원나라 각 부문,더케이교직원나라,서울 종로구,http://www.indeed.com/viewjob?jk=62e6ba7dd5d7cd46
Data Scientist,Valmet Inc.,서울,http://www.indeed.com/viewjob?jk=e20355c9cc0e1ec6
Process & Data Scientist,Applied Materials Inc.,대한민국,http://www.indeed.com/viewjob?jk=b87ff4aabad6e65e
Data Scientist III,Amazon Web Services Korea LLC,서울,http://www.indeed.com/viewjob?jk=67ca30c143379281
Undergrad Intern - Software Engineer,Intel,서울,http://www.indeed.com/viewjob?jk=330072f3730ee5a9
기술 인턴 인공지능 응용 연구/개발 인턴,써로마인드로보틱스,서울 관악구,http://www.indeed.com/viewjob?jk=71c47ac87bb4087e
로봇 기반 Vision 서비스 개발 그룹 IT인프라 구축,그룹 IT인프라 구축,서울특별시,http://www.indeed.com/viewjob?jk=6f3b8c137683ada9
[신입/경력] Python 개발자 - 인천 청라,인피닉,인천 중구,http://www.indeed.com/viewjob?jk=ce7fd95d9ce72a62
Data Scientist,Boston Consulting Group,서울,http://www.indeed.com/viewjob?jk=ce6747e77c861c46
카카오톡 보이스톡/페이스톡/라이브톡 개발자,카카오,성남 판교역,http://www.indeed.com/viewjob?jk=d585814d097935eb
Data Scientist,Supercell,서울,http://www.indeed.com/viewjob?jk=554c2e55cc985488
[개발]웹 서비스 개발자(정규직),위메프,대한민국,http://www.indeed.com/viewjob?jk=9bff6cc5a8f53e6e
[동영상플랫폼] 연계형 인턴십,네이버,대한민국,http://www.indeed.com/viewjob?jk=e65a195da656bcdc
2020 Market Data Analyst - Seoul (Korean Speaker),Bloomberg,서울,http://www.indeed.com/viewjob?jk=212ca67d161b7162
Healthcare Real World Data Analyst 담당자,IQVIA,서울,http://www.indeed.com/viewjob?jk=a39853230d5ceca8
Associate Solutions Engineer (Full Time) - Korea,Cisco Systems,서울,http://www.indeed.com/viewjob?jk=59b0ff5ce11a8952
분석 플랫폼 웹 프론트 엔지니어,Nexon,성남 분당구,http://www.indeed.com/viewjob?jk=eeb027369cdab361
추천 통계분석/데이터사이언티스트,카카오,성남 판교역,http://www.indeed.com/viewjob?jk=bfe0f5ac4f32ec89
자산운용본부/전략기획본부 인턴,브이아이피자산운용,대한민국,http://www.indeed.com/viewjob?jk=d1d0f9bfa7226166
[개발]위메프오 서비스 서버개발자(정규직),위메프,대한민국,http://www.indeed.com/viewjob?jk=5f3a399e83a81379
AI 기반 로봇 서비스 개발 그룹 IT 인프라 구축,그룹 IT 인프라 구축,서울특별시,http://www.indeed.com/viewjob?jk=d9086035792f01d0
Physical Implementation Engineer,SiFive,대한민국,http://www.indeed.com/viewjob?jk=55537575b7dd8d87
랩오투원 신입/경력 개발자,유한책임회사랩오투원,부산,http://www.indeed.com/viewjob?jk=750977c97eeed4d5
데이터 플랫폼 개발,NHN PAYCO,성남 판교역,http://www.indeed.com/viewjob?jk=a65baa1929f29393
"데이터 가치 함께 발굴하실 머신러닝, 통계 모델링 전문가",카카오,성남 판교역,http://www.indeed.com/viewjob?jk=d1e75364ef505c68
데이터연동개발팀 - 데이터엔지니어,Nexon,성남 분당구,http://www.indeed.com/viewjob?jk=83afcd111984f51c
데이터 엔지니어,리디,서울특별시,http://www.indeed.com/viewjob?jk=acbc411113b81ae5
BI 운영 그룹 주력계열사,그룹 주력계열사,서울특별시,http://www.indeed.com/viewjob?jk=e5098c47e3662580
빅데이터 플랫폼 및 BI시스템 구축 그룹 IT계열사,그룹 IT계열사,서울특별시,http://www.indeed.com/viewjob?jk=c1936b77c8be4bcf
데이터분석 전문가 신입·경력·전문연구요원,베가스,서울 강남구,http://www.indeed.com/viewjob?jk=8bda582040d41076
데스크탑 가상화(VDI) 엔지니어,카카오,성남 판교역,http://www.indeed.com/viewjob?jk=530a598184580c95
대용량 분산 스토리지 개발자,카카오,성남 판교역,http://www.indeed.com/viewjob?jk=37d1f6dbb37f8a38
[해외취업] 고급 IT 엔지니어,株式会社ASCOM,대한민국,http://www.indeed.com/viewjob?jk=10ddf37c7b70f83b
데이터분석팀 - 머신러닝 데이터 분석 (대리-과장급),라이나생명보험,서울 종로구,http://www.indeed.com/viewjob?jk=c48f98bf59c5b8e4
[Search&Clova] Clova 머신러닝 Scientist 개발 신입/경력사원,네이버,대한민국,http://www.indeed.com/viewjob?jk=257110e5aec08f6d
IT부문 경력직,하나펀드서비스,대한민국,http://www.indeed.com/viewjob?jk=4edbdaebae7b2b60
매칭팀 - 데이터분석가,Nexon,성남 분당구,http://www.indeed.com/viewjob?jk=54a0b1ed3a827a58
Algorithm Application Engineer,Garrett Advancing Motion,경기도,http://www.indeed.com/viewjob?jk=8c47e8f334705d2e
직원,KIS채권평가,대한민국,http://www.indeed.com/viewjob?jk=22e47a04b651ae84
교보악사자산운용 QUANT팀,교보악사자산운용,대한민국,http://www.indeed.com/viewjob?jk=a24b1ac91024ce54
백엔드 소프트웨어개발자(정규직),데이터킹,안양 동안구,http://www.indeed.com/viewjob?jk=10adc9ac49613690
네이버 일본 맛집 서비스 CONOMI 머신러닝 개발자,네이버,대한민국,http://www.indeed.com/viewjob?jk=feac8a234b715106
"Computer Vision Engineer, Perception – Autonomous Vehicles",NVIDIA,서울,http://www.indeed.com/viewjob?jk=f775c2b405edea87
[라프텔] 서버(백엔드) 개발자,RIDI Corp,서울,http://www.indeed.com/viewjob?jk=5cfcd4772110d7de
비즈니스 분석가(Business Analyst) 영입,카카오페이,성남 백현동,http://www.indeed.com/viewjob?jk=c2c1ab0ed507c4e2
[판교]기술지원,NHN Service] [판교,경기도,http://www.indeed.com/viewjob?jk=466ed639df372448
Developer / Designer recruit,마이뮤직테이스트,서울 논현동,http://www.indeed.com/viewjob?jk=55a19c92c845685e
딥러닝 기반의 의료영상 연구,에이치알 컨설팅,대한민국,http://www.indeed.com/viewjob?jk=0cd702e07d7a3c73
솔루션 프론트엔드 개발자,Nexon,성남 분당구,http://www.indeed.com/viewjob?jk=273d830a0c62aedd
연구개발자 경력직 (Java / python / c/c++) (주4.5일시행),YH데이타베이스,대구 수성구,http://www.indeed.com/viewjob?jk=d7e66a6bd21a2dcc
[개발]위메프오 서비스 개발총괄(정규직),위메프,대한민국,http://www.indeed.com/viewjob?jk=003c11fc393d77d7
[해외취업] AI/BI 엔지니어,유아솔류션즈,대한민국,http://www.indeed.com/viewjob?jk=18142c151fad0ef3
"MVP 개발 엔지니어(서버, 웹프론트) (정규직, 계약직, 프리랜서)",더테스터,대전 중구,http://www.indeed.com/viewjob?jk=1748baa27965fdbf
마케팅(전략기획)신입~경력,비스퀘어,부산 해운대구,http://www.indeed.com/viewjob?jk=30279163f8f6cba7
"Design Consultant, Sr II",Synopsys,대한민국,http://www.indeed.com/viewjob?jk=33da210b05e4dac7
[Search & Clova] 파파고 Software Engineer 경력사원,네이버,대한민국,http://www.indeed.com/viewjob?jk=80f1a9fe40a6c290
MySQL Engineer,카카오,성남 판교역,http://www.indeed.com/viewjob?jk=dd06066d79860614
Associate Application Engineer OPC,Siemens AG,경기도 성남,http://www.indeed.com/viewjob?jk=0325380fce16f73b
데이터 분석 및 모델링 (페이코 쿠폰/광고 타겟팅),NHN,성남 판교역,http://www.indeed.com/viewjob?jk=4e17fe419583b40b
제2019-3회 수리 및 계산과학 연구단 데이터사이언스그룹 연구직(비영년직트랙),기초과학연구원,대전,http://www.indeed.com/viewjob?jk=052c5ec3d233c158
메시지발송 플랫폼 개발자,Nexon,성남 분당구,http://www.indeed.com/viewjob?jk=eaee1538d8cc832f
데이터 사이언스 전문가 및 머신러닝 전문가,카카오,성남 판교역,http://www.indeed.com/viewjob?jk=85929aac498299cc
리서치센터 RA,신한금융투자,대한민국,http://www.indeed.com/viewjob?jk=5f7da090abe24e91
추천 시스템 소프트웨어 엔지니어,카카오,성남 판교역,http://www.indeed.com/viewjob?jk=07375dc4e800dfa9
웹개발자와 펌웨어 엔지니어,후본,서울 양천구,http://www.indeed.com/viewjob?jk=a7537cdbe2ad7857
"드론 데이터 스타트업, 엔젤스윙 엔지니어",엔젤스윙,서울 관악구,http://www.indeed.com/viewjob?jk=d017610d9828199c
[Search & Clova] 네이버 웹검색 연구/개발 경력사원,네이버,대한민국,http://www.indeed.com/viewjob?jk=37127548f83bb7f7
[해외취업] AI 엔지니어,株式会社ASCOM,대한민국,http://www.indeed.com/viewjob?jk=67a92be234325f85
Data Analyst,Axiologic Solutions,서울,http://www.indeed.com/viewjob?jk=eb45c08f4c4a43d8
카카오톡 서버 개발자,카카오,성남 판교역,http://www.indeed.com/viewjob?jk=21f720e55bab4c8d
Data Analytics specialist,Sanofi,서울,http://www.indeed.com/viewjob?jk=6eefdf7d9fa7e6a3
[KSTEC] 2020년 신입 및 경력 (SW개발자),지식시스템,성남 분당구,http://www.indeed.com/viewjob?jk=aad45690ec66dcd7
이탈방지팀-서비스 개발자,Nexon,성남 분당구,http://www.indeed.com/viewjob?jk=691f61972f31c777
[초우량 벤처기업] 인프라 엔지니어,휴먼커리어컨설팅,성남 분당구,http://www.indeed.com/viewjob?jk=be4f01d811e5a7f9
이상탐지팀 - 서비스 개발자,Nexon,성남 분당구,http://www.indeed.com/viewjob?jk=e787fde04b998e1a
Software Engineer / Sr. Software Engineer(C++ / Python Developer),Nielsen,서울,http://www.indeed.com/viewjob?jk=686cdc6df95f159f
리서치분야 경력직,케이지제로인,대한민국,http://www.indeed.com/viewjob?jk=9ebdf72100457715
"Front End Software Engineer, TensorFlow",Google,서울,http://www.indeed.com/viewjob?jk=bb22e1b9b7683013
인공지능AI 기술연구 개발자,아이디어콘서트,성남 분당구,http://www.indeed.com/viewjob?jk=7d38bf6d33fd4644
테크빌더팀 - 개발자 (백앤드),Nexon,성남 분당구,http://www.indeed.com/viewjob?jk=6d527590548dbcab
데이터 분석가(팀장급),RIDI Corp,서울,http://www.indeed.com/viewjob?jk=35fbfe39465bd43a
H/W application Engineer,Qualcomm,서울,http://www.indeed.com/viewjob?jk=9425313d3f425da7
